Territory,AH,aquatic,ave,barren,crop,dev,forest,grass,high,LO,low,max,shrub,water,ghow_occ,barn_occ,ghow_occ_U85,barn_occ_U85,ghow_occ_L85,barn_occ_L85,ghow_occ_U50,barn_occ_U50,ghow_occ_L50,barn_occ_L50,siteid
PP-1,0.795814693,0.411078632,0.190021247,0.147370487,0,0.025544904,0.000418023,0.130374953,0.211580649,0.03744898,0.788419366,0.244127363,0.279267699,0.005945297,0.476902217,0.485620797,0.653741539,0.665822268,0.307533264,0.310971022,0.554512918,0.568182766,0.38955912,0.401407033,41
BAYSIDE LOOP,0.665935993,0.316368699,0.554286718,0.069846801,0.002259101,0.013768258,0.000334535,0.045003511,0.092092805,0.016464245,0.907907188,0.63538003,0.54959482,0.00282433,0.728713036,0.224383339,0.901793003,0.428995997,0.46543166,0.091224745,0.814897239,0.32548061,0.611556053,0.15168789,4
PP-2,0.464547873,0.598838568,0.028859742,0.151155785,0,0.013830947,0.000442952,0.044971045,0.275860876,0.015946349,0.724139154,0.034160066,0.190443739,0.000316951,0.391084582,0.773377955,0.621760786,0.907881498,0.200441301,0.562824965,0.49727875,0.840134025,0.289806813,0.667904735,42
PP-3,0.811119795,0.416195273,0.00328212,0.035313636,0,0.017312782,0.000333685,0.056795977,0.034081105,0.045282241,0.965918899,0.003682287,0.474048615,0,0.625725985,0.234690025,0.836798966,0.446400493,0.37151134,0.096391149,0.723326504,0.336308092,0.506720245,0.160977751,43
CATTLE GUARD,0.571490228,0.211653367,0.016388604,0.021685855,0,0.05073411,0.001526317,0.591813147,0.006118453,0.110152967,0.993881524,0.017643483,0.048709001,0.073878177,0.202437431,0.075268798,0.867756665,0.70962441,0.006642067,0.002873739,0.560242653,0.30192408,0.047105789,0.018940343,11
CROSSING 2,0.743440747,0.815876722,0.001190909,0.081920654,0,0.009639077,0.000851265,0.058601927,0.012219959,0.013390899,0.987780035,0.001346828,0.03304049,6.98E-05,0.146333545,0.640015721,0.318362296,0.834503114,0.054214496,0.399094045,0.222652763,0.737470925,0.095290497,0.522705138,13
LA CLINICA,0.186203867,0.018662035,0.921474993,0.008674697,0.193107456,0.131942138,0.051275693,0.243137076,0.537664235,0.014537616,0.462335795,1.143253922,0.326501518,0.026699396,0.639712214,0.777742803,NA,NA,NA,NA,NA,NA,NA,NA,27
PP-5,0.720512629,0.439864844,0.279130429,0.009581796,0.000248712,0.099278457,0.000205489,0.12335778,0.193946332,0.022768751,0.806053638,0.342536002,0.327462912,0,0.536840677,0.475005269,0.716885269,0.657204449,0.3594262,0.30208391,0.620912254,0.557891488,0.44523868,0.391629845,45
PP-7,0.308653563,0.540600955,0.000249908,0.165718541,0,0.01533872,0.000205744,0.08188609,0.071895428,0.016398469,0.928104579,0.000285153,0.193649754,0.00260021,0.295620173,0.436480612,0.442301571,0.5948596,0.181772709,0.290948451,0.360535204,0.50981015,0.236236617,0.36832729,47
RAILROAD TIE,0.708055019,0.405061036,0.004869994,0.021044178,0,0.000148724,0.000798431,0.386172503,0.028436018,0.254649669,0.971563995,0.005428408,0.007671147,0.179103985,0.1545517,0.213792995,0.596324086,0.708501637,0.017164042,0.030842446,0.341032803,0.43836087,0.06121118,0.09659256,48
REFUGE BOUNDARY,0.280186981,0.51933217,0.24043934,0.080782652,0,0.029359085,0.004990547,0.015199235,0.117905349,0.031255696,0.882094622,0.295167416,0.27297011,0.077366196,0.396630347,0.49221611,0.572796822,0.647269607,0.249512106,0.330448806,0.47254616,0.565877378,0.322810501,0.41612336,49
UNIT 4,0.570850551,0.71414274,0.103086062,0.090492815,0.001683943,0.000121261,0.000159665,0.00360787,0.111767523,0.014890009,0.88823247,0.129212335,0.189759523,3.22E-05,0.31065619,0.6766994,0.502832532,0.83000505,0.159893692,0.47195673,0.404769897,0.753429592,0.231953308,0.58424747,56
WELLHEAD,0.199408486,0.195496723,0.001985024,0.052248105,0,0,0.000912475,0.55700022,0.001340483,0.167310879,0.998659492,0.002270235,0.00849028,0.185852155,0.159324154,0.076462805,0.809504569,0.684133947,0.005869855,0.003270561,0.47276032,0.290413916,0.037597477,0.020201271,59
YTURRIA,0.176579654,0.208438382,0.003912526,0.18962197,0.000241019,0.016130902,0.000964077,0.00631235,0.047410462,0.00420203,0.952589512,0.004182426,0.090525702,0.48776561,0.140898779,0.208791316,0.269999951,0.377127558,0.065015554,0.098409489,0.193346977,0.283354253,0.102946572,0.149239182,60
FM 106,0.647635281,0.36635074,0.253732741,0.029849399,0,0.026119109,0.019883772,0.278795183,0.068383016,0.063684464,0.931616962,0.310526341,0.217785701,0.061216064,0.356053531,0.222829416,0.688747108,0.540382206,0.110528298,0.063891806,0.518622279,0.370767236,0.217207342,0.135382295,20
LOMA ALTA/TRAP SHOOT,0.74915576,0.147333413,0.086358905,0.25042811,0.000290789,0.077899449,0.000435555,0.246223062,0.073933035,0.013600198,0.926066935,0.101545244,0.273532212,0.003857376,0.390409172,0.119894445,0.698407054,0.34325251,0.145775735,0.034299187,0.544704616,0.212170243,0.253866583,0.072135709,31
NINE MILE,0.496729791,0.363134801,0.03003281,0.222374022,0,0.035453256,0.000457382,0.174083129,0.02720337,0.063934304,0.972796619,0.03285633,0.201479033,0.003018369,0.286104798,0.212307692,0.511397481,0.422437906,0.123324417,0.090008505,0.39043048,0.310333103,0.197644144,0.148252055,38
PP-4,0.62317884,0.636783779,0.011192142,0.149807081,0.000460928,0.035358787,0.000329223,0.106087379,0.238584682,0.016446669,0.761415303,0.013337485,0.051895365,0.01927747,0.231045336,0.766764522,0.424370855,0.904801011,0.105155163,0.558840871,0.314109266,0.835334122,0.163119286,0.667815387,44
PP-6,0.760778427,0.412209988,0.145392075,0.024137666,0.02172021,0.021513112,0.002584754,0.128830776,0.142411008,0.028383391,0.857589006,0.180351168,0.389003515,0,0.584916592,0.384866744,0.766431689,0.560990512,0.38814348,0.231182516,0.669537723,0.470467478,0.490996242,0.309580088,46
SOUTH TOWER,0.001400363,0.066841312,0.00012234,0.069441207,0,0.000345246,0.000836763,0.400409639,0,0.080171183,1,0.000136254,0.01426823,0.447857589,0.128142834,0.063220754,0.620853364,0.466898978,0.009486007,0.005486916,0.317910552,0.187549084,0.042881437,0.022952398,52
D-44,0.442418456,0.284356415,0.000827512,0.037123904,0,0.000445499,0.000390322,0.507240534,0,0.130848423,1,0.000957875,0.011576192,0.158867091,0.159977123,0.10858041,0.758475482,0.703065991,0.00815356,0.006582006,0.43815428,0.337683141,0.043863412,0.033759348,16
SHRIMP FARM,0.572552383,0.457514226,0.493038952,0.121056885,6.10E-06,0.035973351,0,0.081246987,0.197484836,0.07931044,0.802515149,0.558881462,0.215042219,0.089160249,0.372831017,0.543711603,0.524693191,0.696518719,0.247681454,0.392432958,0.435322255,0.612729132,0.306952238,0.465836316,51
LIGHTHOUSE,0.741713881,0.235892802,0.03662261,0.00558431,0.000926444,0.067518964,0.000555867,0.468495458,0.028524108,0.180296168,0.971475899,0.040543687,0.022630803,0.198395327,0.166005641,0.114169829,0.717061937,0.660245359,0.010785723,0.00894926,0.417471021,0.323449433,0.052153729,0.038985297,29
ROCKET LAUNCHER,0.621708393,0.483826816,0.00547712,0.0395649,0,0.00077379,0.000122304,0.329055578,0.000715563,0.119217187,0.999284446,0.006080331,0.002150315,0.144506291,0.13972196,0.252238899,0.499084562,0.706500769,0.02015174,0.048787363,0.285481989,0.462650388,0.061623443,0.12775223,50
B-1,0.093960859,0.349185765,0.006753423,0.054311033,0,0.00420291,0,0.339896828,0.00217144,0.128412202,0.997828543,0.007364329,0.003202265,0.249201193,0.132614106,0.171848118,0.508958101,0.619081318,0.016995709,0.026852131,0.280554444,0.359613657,0.055839721,0.080589488,2
BORDER PATROL,0.141777039,0.219502151,0.177436203,0.029971279,0.086128145,0.045984838,0.001282591,0.176902577,0.183437616,0.040984865,0.816562414,0.199000165,0.437362313,0.00286609,0.639363766,0.330559582,0.836160481,0.528871953,0.419163167,0.176947162,0.728541911,0.418082058,0.528921306,0.253188759,8
D-35,0.407072276,0.361571789,0.000488216,0.056280054,0,0.001581229,0.001498459,0.454578787,0.027956989,0.1014577,0.972043037,0.000514792,0.004063583,0.120426103,0.159932032,0.172237471,0.689594626,0.737364411,0.011687525,0.016387226,0.397160709,0.415799916,0.052466419,0.06500645,14
D-39,0.496913284,0.348562717,0.001611257,0.022367649,0,0.003472074,0.000151823,0.465236336,0,0.117189482,1,0.001911104,0.016545471,0.143663913,0.161760509,0.140228793,0.708278179,0.70730406,0.011148484,0.011393596,0.411961436,0.37716037,0.050269462,0.04985065,15
EL SAUZ,0.474364907,0.711669862,0.015095157,0.044985771,0,5.00E-05,0.00073677,0.068731263,0.063740499,0.055089619,0.936259508,0.017284434,0.173826277,0,0.287273139,0.585039556,0.473310053,0.762556493,0.148945481,0.391560078,0.371728808,0.6711905,0.214960232,0.489663661,19
HAUS CORRAL,0.523236036,0.302203953,0.004411958,0.027543938,0,0,0.003580499,0.466933995,0.000645369,0.256021827,0.999354601,0.00484496,0.047477204,0.152260408,0.182956666,0.11819116,0.741825342,0.671006501,0.012728916,0.009168588,0.448969811,0.334491998,0.057822824,0.041342191,23
HEADQUARTERS,0.918197453,0.38244614,0.002631135,0.176269129,0,0.015327142,0,0.226992771,0.006456419,0.143676594,0.993543565,0.003034494,0.002681057,0.196283743,0.119453721,0.224616751,0.348175853,0.551889122,0.027649058,0.064287961,0.21372129,0.374685764,0.06532225,0.132704735,24
HIGHWAY 4,0.43103978,0.304358035,0.139266551,0.06656412,0.003076158,0.030486727,0.00485059,0.019432772,0.124175414,0.065678798,0.875824571,0.158844888,0.570780396,0.000451194,0.757153332,0.255815744,0.919510722,0.487900883,0.48372224,0.099966355,0.841942251,0.369344264,0.634315789,0.171566263,25
MIDDLE TOWER,0.34745574,0.806183636,0.067758508,0.089522786,0.008154762,0.027008915,0.002469262,0.017396031,0.183441252,0.0156107,0.816558778,0.085767247,0.020368584,0.02889603,0.179167002,0.843413711,0.374599993,0.943908513,0.071716376,0.659971774,0.259680092,0.892745733,0.120424889,0.762195766,35
PORT MART,0.216075152,0.462029338,0.115614966,0.056179669,2.25E-05,0.199108467,0.001012899,0.06932731,0.303662419,0.05415123,0.696337581,0.136048183,0.162370637,0.049949214,0.356191874,0.710850179,0.583004117,0.879116893,0.181209624,0.478401154,0.454791218,0.790172637,0.263040572,0.596834898,40
TALL POLE,0.828247488,0.518372893,0.006358639,0.03771358,0,0,0.000152157,0.239146054,0.00032538,0.244541585,0.999674618,0.006805494,0.010955281,0.19366008,0.134184197,0.304657817,0.389831841,0.652866602,0.030477814,0.094188526,0.237486929,0.473416388,0.071272098,0.186751664,54
BOCA CHICA (E),0.40065819,0.695581555,4.13E-05,0.21560216,0,0.007350236,0.021200374,0.001523744,0,0.01076724,1,4.49E-05,0.058741931,0,0.142403364,0.536569238,0.283738643,0.749578655,0.061330687,0.322324038,0.205499962,0.631035566,0.098904572,0.431449205,6
GOOSE FLATS,0.200111166,0.0704377,0.424207658,0.014682909,0.022060068,0.014006726,0.002263494,0.175030902,0.165631086,0.004015518,0.834368944,0.519144654,0.187713727,0.513804436,0.291165799,0.198764995,0.533724844,0.402418971,0.129258156,0.087934293,0.397863269,0.282295734,0.204426885,0.135840997,21
#8 FENCE,0.367718667,0.61212039,0.000198912,0.086172499,0,0,0.000335262,0.183989406,0.02020202,0.146788448,0.979797959,0.000229334,0.037698209,0.079684235,0.15667282,0.422507286,0.364234507,0.702144265,0.049819123,0.187381864,0.249896795,0.564985812,0.096036188,0.304181278,1
TAILING REDS,0.724860609,0.336567521,0.35777694,0.078950807,0,0.016392358,0.000798025,0.035141688,0.072274014,0.021974567,0.927725971,0.424356431,0.358596623,0.173552975,0.468135297,0.254650712,0.658342898,0.400749773,0.295327902,0.145405173,0.550263524,0.324088693,0.383663714,0.197799087,53
YTURRIA (E),0.176579654,0.208438382,0.003912526,0.18962197,0.000241019,0.016130902,0.000964077,0.00631235,0.047410462,0.00420203,0.952589512,0.004182426,0.090525702,0.48776561,0.140898779,0.208791316,0.269999951,0.377127558,0.065015554,0.098409489,0.193346977,0.283354253,0.102946572,0.149239182,61
BAHIA (W),0.631751776,0.316339731,0.224278778,0.304455698,0.000444339,0.019838439,2.93E-05,0.050113641,0.09291248,0.04136467,0.907087505,0.242481157,0.30734092,0.001437945,0.410142869,0.270937949,0.575605452,0.398891956,0.271339864,0.170934215,0.47767207,0.3307392,0.341066688,0.219483957,3
BOATHOUSE,0.910847902,0.271522164,0.002356874,0.02819643,0,0.014751304,0,0.193752721,0.038366336,0.092407621,0.961633682,0.002747162,0.005176428,0.486600965,0.116648771,0.19980377,0.306079388,0.488095134,0.031212773,0.065680988,0.196979657,0.318785727,0.070078634,0.12307068,5
BOCA CHICA (W),0.713319898,0.131413132,0.060246043,0.374611944,0.000779748,0.016566271,0.001412893,0.008826785,0.08931753,0.03641478,0.91068244,0.066737011,0.453592896,0.012796309,0.569995165,0.147836998,0.797713339,0.301478714,0.323332399,0.061198495,0.679570496,0.214548767,0.447412908,0.100598149,7
GOOSE HOLE,0.441474825,0.494488329,0.001550971,0.415578038,0,0,0.000151095,0.060332987,0.002108222,0.066863775,0.997891784,0.001761277,0.006143939,0.023305602,0.105739951,0.356087089,0.215764403,0.574032545,0.043977432,0.188683361,0.151973382,0.453504384,0.073632725,0.270711005,22
LAST WINDMILL,0.061118882,0.098669611,0.000356287,0.05672479,0,0.000568559,0.002878212,0.49774155,0.012618297,0.14342168,0.987381697,0.000390239,0.078614138,0.264803141,0.200831711,0.060508061,0.804573119,0.543541789,0.011264312,0.003663617,0.491707414,0.211327374,0.057777498,0.018508932,28
HIGHWAY 48,0.595390558,0.30019179,0.080293693,0.299512058,0,0.029854625,0.000570286,0.049836453,0.085613415,0.012149796,0.91438657,0.090780638,0.185300976,0.134733811,0.25431639,0.277034283,0.379871786,0.40252164,0.159458771,0.179458141,0.304596633,0.332802862,0.209355906,0.224311814,26
LIGHTHOUSE (N),0.169258773,0.260998547,0.031104768,0.105104357,0,0,0.00089351,0.397396386,0.034241378,0.056175772,0.965758622,0.033365287,0.006817543,0.228789657,0.146022812,0.142574787,0.598281622,0.627676308,0.013639994,0.016750973,0.336530685,0.335518867,0.05433521,0.05749302,30
MIDDLE PENS,0.048063621,0.281297863,0.000342789,0.071841411,5.53E-05,0.001884034,0.001304686,0.302855343,0.040540539,0.126220331,0.959459484,0.000388708,0.064580359,0.276181012,0.176863417,0.169622809,0.528818429,0.541488111,0.030964632,0.035341926,0.328273505,0.320575535,0.087780707,0.087302253,34
MARTIN/ANDERSON,0.881512702,0.066411085,0.152013958,0.039936129,0.002379708,0.06779588,0.003328516,0.152117267,0.114493929,0.075169794,0.885506094,0.186017856,0.667804599,0.000226853,0.843771815,0.091307893,0.963322103,0.271136045,0.573376358,0.024658712,0.909893095,0.164284915,0.726492882,0.051334944,33
OLD PORT ISABEL RD,0.477262586,0.611590028,0.005477264,0.080502555,0,0.037723713,0,0.063482203,0.040155191,0.012942438,0.959844828,0.006153954,0.206701532,0,0.300372988,0.45593518,0.473259628,0.642601609,0.16763407,0.289665252,0.380623549,0.540099323,0.229708448,0.370156318,39
VINSON SLOUGH,0.181194678,0.368579894,0.016175201,0.290892482,0,0,0.000109763,0.170446366,0.000138268,0.112624601,0.999861717,0.018106429,0.042103253,0.12786825,0.133281603,0.218733907,0.320615172,0.487091929,0.041604444,0.079856984,0.210503563,0.33556509,0.082961746,0.141595379,57
LONG LAKE,0.29792735,0.364021122,0.031142803,0.038073268,0,0.025270438,0.002482826,0.265534371,0.397014201,0.195798963,0.602985799,0.035066016,0.116835602,0.187782362,0.390502155,0.695745945,0.76687777,0.933381498,0.115643226,0.309856325,0.564077079,0.830392361,0.226605967,0.496023029,32
BORRACHO,0.129664198,0.469878346,0.001001486,0.055398498,0.000775414,0.000595906,0.000352704,0.237554312,0.070190638,0.1079804,0.929809332,0.001113938,0.034074284,0.201370552,0.166360229,0.354402274,0.405845493,0.674542546,0.046271883,0.129615918,0.27097699,0.510450125,0.098134436,0.234803572,9
CAYO ATASCOSO,0.647635281,0.36635074,0.253732741,0.029849399,0,0.026119109,0.019883772,0.278795183,0.068383016,0.063684464,0.931616962,0.310526341,0.217785701,0.061216064,0.356053531,0.222829416,0.688747108,0.540382206,0.110528298,0.063891806,0.518622279,0.370767236,0.217207342,0.135382295,12
TEN MILE,0.52700907,0.289441198,0.164302528,0.093381785,0.012023146,0.026809946,0.00026486,0.077294305,0.053126913,0.04613566,0.946873069,0.176469639,0.483793288,0.016991524,0.632927179,0.182560518,0.833382249,0.356773943,0.391352743,0.079531327,0.727771461,0.261790574,0.516771495,0.125608101,55
CACTUS CREEK,0.237355798,0.386494666,0.19017753,0.096106172,0,0.024666835,0.012283994,0.038343187,0.225098625,0.026802354,0.77490139,0.224335879,0.16449894,0.277606219,0.300988674,0.553791463,0.462072551,0.71870333,0.176503718,0.380772054,0.370079458,0.631666243,0.240258425,0.462157607,10
MUSTANG ISLAND (N),0.205320179,0.242491528,0.003245634,0.055584371,0,0.03237097,6.64E-07,0.509510398,0.80462569,0.012683308,0.19537431,0.003611689,0.030520735,0.129521266,0.555097163,0.924333632,NA,NA,NA,NA,NA,NA,NA,NA,36
MUSTANG ISLAND (S),0.407659501,0.216856867,0.001989617,0.269764632,0,0.026092222,0.000370291,0.293571919,0.005761844,0.017850336,0.994238138,0.002449773,0.015380014,0.177964061,0.125198811,0.124181561,0.456109405,0.485368431,0.019050306,0.022417424,0.252025604,0.26339224,0.05773494,0.0603908,37
EAST FOUNDATION (N),0.715339482,0.206438854,0.03880607,0.133626431,0,0.000613279,6.18E-05,0.493284166,0.326711565,0.028261699,0.673288465,0.048616163,0.127426907,0.038548615,0.414773494,0.36775139,0.894696593,0.885699749,0.048849449,0.042633642,0.701747894,0.666099072,0.169381455,0.151722267,17
EAST FOUNDATION (S),0.392208368,0.196996555,0.048179012,0.313093752,0,0.059469372,0.000311266,0.269120723,0.076072969,0.012984904,0.923927009,0.0579204,0.050296403,0.110711932,0.163150817,0.167620435,0.464307249,0.5036093,0.033746626,0.040282976,0.289544046,0.301109821,0.087013498,0.090670682,18
WELDER FLATS,0.074907161,0.673859298,0.001011167,0.087242238,0,0.006914775,0,0.038862079,0,0.146361724,1,0.001133616,0.00355713,0.189564496,0.11197935,0.516752899,0.238111451,0.736358583,0.045518298,0.300044417,0.164983571,0.615908146,0.075764529,0.411657453,58
