"","ID","AH","aquatic","ave","barren","crop","dev","forest","grass","high","LO","low","max","shrub","water","id"
"1",1,0.54019021987915,0.349837213754654,0.103631056845188,0.393656820058823,0.00287019368261099,0.00273003312759101,2.46206254814751e-05,0.0284171923995018,0.0622333846986294,0.0381279103457928,0.93776661157608,0.113940380513668,0.221111714839935,0.00135224987752736,"both_61"
"2",2,0.411408364772797,0.148720353841782,0.107995234429836,0.0591409616172314,0.000328551512211561,0.0387631468474865,0.000155094807269052,0.0147164752706885,0.238601878285408,0.00789563544094563,0.761398136615753,0.121372476220131,0.0844230353832245,0.653752386569977,"both_68"
"3",3,0.351852685213089,0.463780373334885,0.499486953020096,0.175979569554329,0.000100454271887429,0.00526658492162824,0.000301900203339756,0.00140281463973224,0.285321742296219,0.153898313641548,0.714678287506104,0.564933836460114,0.191274031996727,0.161894261837006,"both_54"
"4",4,0.468587577342987,0.302299797534943,0.0965098217129707,0.399543017148972,0,0.00252056145109236,0.000101773490314372,0.00732680596411228,0.135138317942619,0.11397360265255,0.864861667156219,0.108141794800758,0.106525883078575,0.181682169437408,"both_52"
"5",5,0.182277694344521,0.3381068110466,0.0941650345921516,0.370333731174469,0.000117921757919248,0.00951390527188778,0.00114521814975888,0.011006779037416,0.0806572735309601,0.0681560412049294,0.919342756271362,0.105990216135979,0.196526065468788,0.0732495337724686,"both_40"
"6",6,0.369240015745163,0.836744666099548,0.0747653469443321,0.0682752877473831,0.00330047984607518,0.0273426193743944,0.000990544096566737,0.011979210190475,0.177259758114815,0.015004706569016,0.822740256786346,0.0983836650848389,0.0219938717782497,0.0293733105063438,"both_22"
"7",7,0.187937870621681,0.0892653614282608,0.882239580154419,0.0251810383051634,0.299830079078674,0.0289284568279982,0.00560524500906467,0.127964198589325,0.308180123567581,0.00369151751510799,0.691819846630096,1.00842237472534,0.409601777791977,0.0136238681152463,"both_46"
"8",8,0.500212550163269,0.44804510474205,0.164845839142799,0.0137745412066579,0.0355574712157249,0.0233610272407532,0.0182389542460442,0.28563004732132,0.0795564204454422,0.00865616369992495,0.920443594455719,0.199703872203827,0.0617734789848328,0.113619387149811,"both_20"
"9",9,0.546695709228516,0.346792489290237,0.301597744226456,0.12941575050354,0,0.0701439753174782,0.00332815898582339,0.089916318655014,0.0842512622475624,0.0196513626724482,0.915748715400696,0.350266307592392,0.142146199941635,0.21825709939003,"both_79"
"10",10,0.311555624008179,0.0139386402443051,0.510567247867584,0.00463645765557885,0.64753931760788,0.040258876979351,0.0446444116532803,0.101657301187515,0.38670015335083,0.00796712562441826,0.61329984664917,0.631520092487335,0.126012861728668,0.0213121138513088,"both_36"
"11",11,0.17774923145771,0.1066659912467,1.0639636516571,0.0133923497051001,0.0964138060808182,0.0504675544798374,0.00355713535100222,0.209391951560974,0.401240706443787,0.0179726667702198,0.598759293556213,1.22602140903473,0.510311663150787,0.00979954469949007,"both_55"
"12",12,0.213930800557137,0.461272180080414,0.0952197387814522,0.230292767286301,0,0.0361416563391685,5.57267158001196e-05,0.0998719558119774,0.0971765220165253,0.0406138189136982,0.902823507785797,0.106262437999249,0.168334543704987,0.0040311673656106,"both_82"
"13",13,0.298931002616882,0.218156769871712,0.126370996236801,0.650883078575134,0.000114525879325811,0.0176565796136856,0.000114525879325811,0.0149718159809709,0.12572705745697,0.00852665025740862,0.87427294254303,0.142563194036484,0.0973340049386024,0.000768692058045417,"both_90"
"14",14,0.212865114212036,0.35672527551651,0.139617100358009,0.364988833665848,0.000932447088416666,0.0379116199910641,0.000472453306429088,0.0253445841372013,0.170951813459396,0.0113944001495838,0.829048156738281,0.160691171884537,0.161125048995018,0.0524997413158417,"both_91"
"15",15,0.209795027971268,0.280450046062469,0.113660410046577,0.378637880086899,0.000239865577896126,0.0789725035429001,0.000535568979103118,0.084671176970005,0.106640160083771,0.0446231327950954,0.893359839916229,0.131382569670677,0.175952836871147,0.000540096138138324,"both_92"
"16",16,0.713165163993835,0.437434405088425,0.507637619972229,0.0158479064702988,0.344964861869812,0.0302669759839773,0.00208797981031239,0.130750626325607,0.334013402462006,0.0246933996677399,0.665986597537994,0.572640717029572,0.033452931791544,0.00519431242719293,"both_41"
"17",17,0.728004932403564,0.539465665817261,0.401885032653809,0.00741005456075072,0.00532343471422791,0.0367229096591473,0.00171977188438177,0.252522855997086,0.140353158116341,0.0222660731524229,0.859646856784821,0.462850779294968,0.135402143001556,0.0214331205934286,"both_32"
"18",18,0.714347660541534,0.560954034328461,0.480486333370209,0.0315086543560028,0,0.0293513759970665,0.000113016198156402,0.12343867868185,0.161740481853485,0.0185409504920244,0.838259518146515,0.56455934047699,0.247243344783783,0.00739088747650385,"both_26"
"19",19,0.455480873584747,0.368136674165726,0.193787083029747,0.263511717319489,0,0.0210820194333792,0.000128219311591238,0.0287786684930325,0.181599363684654,0.0180754121392965,0.818400621414185,0.249575316905975,0.209558755159378,0.108803957700729,"both_16"
"20",20,0.238251551985741,0.328371405601501,0.385325759649277,0.0708955302834511,0,0.0257675275206566,0.00594191532582045,0.0909139290452003,0.256569683551788,0.0436852015554905,0.743430316448212,0.493599593639374,0.104025393724442,0.374084264039993,"both_24"
"21",21,0.364953428506851,0.140234172344208,0.952616274356842,0.0378033146262169,0.0335451811552048,0.0297455079853535,0.0182771589607,0.217173367738724,0.273645043373108,0.239546224474907,0.726354956626892,1.21584367752075,0.519565880298615,0.00365540478378534,"both_1"
"22",22,0.475117385387421,0.288352310657501,0.132520690560341,0.0497525334358215,0.105281956493855,0.0593181513249874,0.00376132619567215,0.0420733541250229,0.102821938693523,0.0383332446217537,0.897178053855896,0.16656568646431,0.449848800897598,0.0016115652397275,"both_4"
"23",23,0.446257531642914,0.390016466379166,0.101332947611809,0.0831839516758919,0.106463588774204,0.0371154434978962,0.00873213354498148,0.0681390464305878,0.0952305942773819,0.0474954396486282,0.904769420623779,0.130660504102707,0.30509540438652,0.00125397078227252,"both_2"
"24",24,0.011757044121623,0,0,0.999733626842499,0,0,0,0.000266335759079084,0,0.0035236191470176,0,0,0,0,"both_4island"
"25",26,0.00355331390164793,0.0663608312606812,5.12170481670182e-06,0.102914206683636,0,0,0,0.063841849565506,0,0.00161237816791981,0,1.3048334949417e-05,0.000260297209024429,0.76662278175354,"both_19island"
"26",27,0.843398988246918,0.802884757518768,0.0339448638260365,0.0657345503568649,7.01289318385534e-05,0.0170066431164742,0.00117026781663299,0.0595951825380325,0.014840048737824,0.0183165855705738,0.985159933567047,0.0404817461967468,0.0534428171813488,9.56738876993768e-05,"both_7"
"27",28,0.743440747261047,0.815876722335815,0.00119090883526951,0.0819206535816193,0,0.00963907688856125,0.000851264630910009,0.0586019270122051,0.0122199589386582,0.0133908987045288,0.987780034542084,0.00134682818315923,0.03304049000144,6.98470612405799e-05,"both_10"
"28",29,0.438590049743652,0.835358321666718,0.0649126917123795,0.0534281432628632,0.00237515126354992,0.0199708510190248,0.0042043044231832,0.0535331480205059,0.0910037383437157,0.0169536657631397,0.908996284008026,0.0800410211086273,0.0310112945735455,0.000118757547170389,"both_11"
"29",30,0.280186980962753,0.51933217048645,0.240439340472221,0.0807826519012451,0,0.0293590854853392,0.00499054696410894,0.0151992347091436,0.117905348539352,0.0312556959688663,0.882094621658325,0.295167416334152,0.272970110177994,0.0773661956191063,"both_12"
"30",31,0.501984298229218,0.816584527492523,0.0949472859501839,0.031711108982563,8.44405731186271e-05,0.0229816809296608,0.000328049092786387,0.0160489212721586,0.148685410618782,0.0194016732275486,0.851314604282379,0.121060527861118,0.0329149253666401,0.0793463960289955,"both_17"
"31",32,0.382389187812805,0.703914403915405,0.162001177668571,0.0438431575894356,0,0.0332878977060318,0.0060903481207788,0.0405274443328381,0.141356781125069,0.0180901624262333,0.858643233776093,0.203033253550529,0.0673516765236855,0.10498508810997,"both_18"
"32",34,0.673161208629608,0.432259172201157,0.152514547109604,0.334391385316849,0.00046724930871278,0.0182474218308926,1.01793975773035e-05,0.0288709793239832,0.101633548736572,0.0124837020412087,0.898366451263428,0.178514748811722,0.168584793806076,0.0171688068658113,"both_25"
"33",35,0,0.113501258194447,0.723185002803802,0.0056312782689929,0.262324720621109,0.0233159009367228,0.00442851521074772,0.282875776290894,0.239617064595222,0.00233559240587056,0.760382950305939,0.892533004283905,0.294558078050613,0.0133644575253129,"both_34"
"34",36,0.332536220550537,0.624384582042694,0.152443319559097,0.260816633701324,0.00115555222146213,0.00555045995861292,0.000474083703011274,0.0109794922173023,0.120125807821751,0.0916308611631393,0.879874169826508,0.177317306399345,0.0812679603695869,0.015371254645288,"both_38"
"35",37,0.405080020427704,0.629270792007446,0.167851284146309,0.15097713470459,0.0613761954009533,0.0215531792491674,9.50517278397456e-05,0.0215319842100143,0.079636462032795,0.0700072348117828,0.920363545417786,0.191478818655014,0.109268248081207,0.00592744955793023,"both_42"
"36",38,0.747806072235107,0.50077098608017,0.183702692389488,0.102177143096924,0,0.0124219357967377,0.000250916928052902,0.0300990808755159,0.112942442297935,0.0705986693501472,0.887057542800903,0.205640435218811,0.352753460407257,0.00152644258923829,"both_43"
"37",39,0.712917327880859,0.502362430095673,0.23737807571888,0.0480693131685257,0,0.0216517746448517,0.00023086805595085,0.0720629245042801,0.128010287880898,0.0589065961539745,0.871989727020264,0.260671705007553,0.353050738573074,0.00257196114398539,"both_49"
"38",40,0.433600664138794,0.191478192806244,0.128928124904633,0.252380937337875,0.103530831634998,0.0395329706370831,0.00075041176751256,0.0380144156515598,0.048688393086195,0.0191237404942513,0.951311588287354,0.146340101957321,0.369437456130981,0.00487476354464889,"both_50"
"39",41,0.0797423347830772,0.437297314405441,0.244393363595009,0.19060193002224,0.00671048369258642,0.0162218622863293,0.000813540944363922,0.00203553400933743,0.095086857676506,0.140442460775375,0.904913127422333,0.285191476345062,0.185049936175346,0.161269411444664,"both_53"
"40",42,0.191025152802467,0.109072960913181,0.459803938865662,0.171626910567284,0.0375943221151829,0.0594469718635082,0.00104375882074237,0.0316757038235664,0.147849142551422,0.0191216468811035,0.852150857448578,0.535267293453217,0.585038185119629,0.00450117886066437,"both_56"
"41",43,0.426746010780334,0.277901291847229,0.231898292899132,0.0306362621486187,0.0927919447422028,0.117852859199047,0.00330270919948816,0.190966457128525,0.0767046585679054,0.0053366613574326,0.923295319080353,0.255054265260696,0.282626897096634,0.00392158469185233,"both_57"
"42",44,0.712917327880859,0.502362430095673,0.23737807571888,0.0480693131685257,0,0.0216517746448517,0.00023086805595085,0.0720629245042801,0.128010287880898,0.0589065961539745,0.871989727020264,0.260671705007553,0.353050738573074,0.00257196114398539,"both_58"
"43",45,0.568486571311951,0.370318710803986,0.309613347053528,0.200367286801338,0.00217074668034911,0.0249565243721008,0.00099747464992106,0.15159484744072,0.140121564269066,0.0712787285447121,0.859878420829773,0.351569563150406,0.2476567029953,0.00193771556951106,"both_59"
"44",46,0.264294624328613,0.295171827077866,0.0721875801682472,0.42206084728241,1.56136593432166e-05,0.0650831013917923,0.000452606007456779,0.0825530141592026,0.314207226037979,0.022479135543108,0.685792803764343,0.0786169320344925,0.11246994137764,0.0221930649131536,"both_60"
"45",47,0.581451416015625,0.120437674224377,0.630648136138916,0.467185974121094,0.000509293633513153,0.0232831593602896,0.000511009595356882,0.0310817714780569,0.109999887645245,0.0119043905287981,0.890000104904175,0.72880220413208,0.351253509521484,0.00573763670399785,"both_63"
"46",48,0.197931110858917,0.137942224740982,0.242993965744972,0.522315621376038,0,0.0149836679920554,1.59038027049974e-05,0.0442053973674774,0.160340309143066,0.0657715499401093,0.839659690856934,0.277167677879333,0.167576804757118,0.112960375845432,"both_64"
"47",49,0.724860608577728,0.336567521095276,0.357776939868927,0.0789508074522018,0,0.016392357647419,0.000798025052063167,0.0351416878402233,0.0722740143537521,0.0219745673239231,0.927725970745087,0.424356430768967,0.358596622943878,0.173552975058556,"both_66"
"48",50,0.572552382946014,0.457514226436615,0.493038952350616,0.121056884527206,6.09909466220415e-06,0.0359733514487743,0,0.0812469869852066,0.197484835982323,0.0793104395270348,0.802515149116516,0.558881461620331,0.215042218565941,0.0891602486371994,"both_67"
"49",51,0.493991941213608,0.469784408807755,0.00850849412381649,0.215684860944748,0,0.030257698148489,0.00124844384845346,0.111416265368462,0.0376510545611382,0.0522174686193466,0.962348937988281,0.00915326736867428,0.152225360274315,0.0193829424679279,"both_69"
"50",52,0.650917291641235,0.456647932529449,0.602409362792969,0.0627735406160355,0,0.0404208414256573,5.58656538487412e-05,0.0333824716508389,0.0771548673510551,0.0149755328893661,0.922845125198364,0.676500797271729,0.370404958724976,0.036314383149147,"both_75"
"51",53,0.116629250347614,0.286051243543625,0.210080027580261,0.0469509363174438,0,0.026831790804863,0.000618339283391833,0.012385742738843,0.0969446152448654,0.0115691972896457,0.903055369853973,0.233994796872139,0.164987862110138,0.462174087762833,"both_80"
"52",54,0.225983813405037,0.229237765073776,0.120979264378548,0.138464480638504,0,0.0348105244338512,0.00095065264031291,0.0340660661458969,0.167021796107292,0.0155924549326301,0.832978188991547,0.135829329490662,0.179556593298912,0.382913947105408,"both_84"
"53",55,0.176579654216766,0.208438381552696,0.00391252618283033,0.189621970057487,0.000241019137320109,0.0161309018731117,0.000964076549280435,0.00631234981119633,0.04741046205163,0.00420203013345599,0.952589511871338,0.00418242579326034,0.0905257016420364,0.487765610218048,"both_85"
"54",56,0.439489662647247,0.273239016532898,0.0581782497465611,0.556669771671295,4.09434323955793e-06,0.0342191532254219,1.63773729582317e-05,0.0241652764379978,0.0775274038314819,0.00373704475350678,0.922472596168518,0.0663382038474083,0.0886682122945786,0.0230181217193604,"both_88"
"55",57,0.0706313252449036,0.0258029457181692,0.000455103203421459,0.676129758358002,0,0,0,0.0194541644304991,0,0.00309939379803836,1,0.000501224072650075,0,0.278613120317459,"both_94"
"56",58,0.112219974398613,0.064301460981369,0.000241544679738581,0.748186528682709,0,0,0,0.111696779727936,0,0.00651030149310827,1,0.000281746237305924,3.45501393894665e-06,0.0758117809891701,"both_95"
"57",59,0.107767127454281,0.0858632996678352,0.0283357985317707,0.544547557830811,0,0.00664151087403297,0.00114241987466812,0.0171667747199535,0.14524057507515,0.0191524066030979,0.854759454727173,0.0328309461474419,0.176099509000778,0.168538942933083,"both_77"
"58",60,0.631751775741577,0.316339731216431,0.224278777837753,0.304455697536469,0.000444338860688731,0.0198384393006563,2.92638887913199e-05,0.0501136407256126,0.0929124802350998,0.0413646697998047,0.907087504863739,0.242481157183647,0.307340919971466,0.00143794470932335,"both_51"
"59",61,0.482479751110077,0.0798109993338585,0.887003660202026,0.0606411471962929,0.00203707092441618,0.0585390068590641,0.00187170517165214,0.120967052876949,0.154861971735954,0.0162593722343445,0.845138013362885,1.0205272436142,0.674516081809998,0.00161696178838611,"both_62"
"60",62,0.567200243473053,0.375812947750092,0.723104536533356,0.0150487190112472,0,0.0196515303105116,0.000242326277657412,0.0347799770534039,0.0680606588721275,0.0195671394467354,0.931939363479614,0.825443148612976,0.554309844970703,0.000154603199916892,"both_78"
"61",63,0.347455739974976,0.806183636188507,0.0677585080265999,0.0895227864384651,0.00815476197749376,0.0270089153200388,0.00246926164254546,0.017396030947566,0.183441251516342,0.0156107004731894,0.81655877828598,0.0857672467827797,0.0203685835003853,0.0288960300385952,"both_15"
"62",64,0.266400903463364,0.469422578811646,0.167477563023567,0.0460459254682064,0,0.0190507285296917,0.0140985511243343,0.10835899412632,0.513486504554749,0.0175043679773808,0.486513495445251,0.185792684555054,0.108179219067097,0.234843984246254,"both_8"
